email,phone,url,ip
sandra88@example.org,+1-978-632-0222x4881,http://www.cox.com/,81.130.160.101
cruzamanda@example.org,(322)528-0765x99185,http://carlson.com/,177.196.113.237
max04@example.org,780.938.3176,http://www.garner.com/,138.155.223.192
erikawagner@example.org,339-648-2224x0406,https://nelson-reyes.com/,117.136.69.215
hpierce@example.net,393.446.1528x8860,http://www.myers.com/,187.68.5.2
popekatherine@example.com,+1-268-767-2647x49804,https://www.gutierrez.net/,55.110.38.39
adamramirez@example.org,879-361-7134x8522,https://terry.com/,154.150.58.51
thomasstone@example.org,574.968.4238,http://lawrence.com/,22.26.14.118
lcohen@example.com,001-716-333-3105x330,http://www.rodriguez.org/,136.188.180.59
jrivera@example.com,215-232-1386,http://hubbard.com/,142.191.6.195
ihoffman@example.net,(376)994-0920x82877,https://www.castro.com/,217.145.151.138
dunnjack@example.com,(428)285-9474,https://www.higgins.com/,66.249.92.253
tmitchell@example.org,845.414.3644,http://www.jones.biz/,211.152.49.161
wellskaren@example.net,8287503784,http://www.hughes-pearson.com/,76.214.181.255
gilmorecharles@example.org,+1-555-483-4500x5379,http://warner.info/,169.225.209.201
allisonlawson@example.net,964-828-0495,http://green.com/,42.165.207.36
dominiquemills@example.net,6665341649,https://watson-marks.net/,125.189.111.160
rtran@example.net,388.903.5005,http://kelly.biz/,120.62.202.73
fergusonangela@example.org,+1-919-214-8708,http://stevens.com/,102.70.70.214
jennifer15@example.net,+1-306-767-6285x7480,https://gray.com/,32.106.158.6
landrychelsey@example.net,881.391.8234x9066,https://sullivan.com/,37.74.192.128
timothy42@example.net,738.312.7796x2371,https://www.long-clayton.com/,112.19.254.76
andre71@example.net,378-585-8572,https://carter.com/,169.75.230.59
zgentry@example.com,(856)640-1714x829,https://www.taylor.com/,52.97.46.241
mendezmark@example.net,579.704.5794x80475,https://www.griffin-curtis.com/,44.4.145.15
tabitha25@example.org,001-266-477-8305,http://www.davis-travis.org/,143.25.30.65
nmedina@example.net,+1-572-283-8267,https://sanchez.com/,210.123.198.52
matthew63@example.net,887.235.4609x91009,https://www.sanchez.com/,23.206.211.5
jsmith@example.net,+1-207-772-2503,http://www.thomas.com/,51.54.191.21
julieadams@example.org,(268)774-6073,http://silva-davis.org/,156.160.6.80
peterbrown@example.com,845-327-8372x737,https://www.cannon-lindsey.com/,120.4.76.45
blanchardcharles@example.net,226-323-8422x81946,http://www.graves-hanson.org/,201.84.109.116
alexlong@example.org,650-347-7541,http://lewis-watts.com/,146.240.208.72
ashleyoconnell@example.com,459.645.9935x7792,http://www.stone.biz/,2.148.191.214
callen@example.org,880.922.2369x2171,http://www.cooper.biz/,64.25.240.22
michael29@example.org,+1-554-946-2159x5082,http://davis.com/,138.104.43.185
kingkristin@example.com,001-444-411-3756,http://deleon.com/,146.21.210.73
russelljones@example.com,+1-974-613-3019x65881,https://bowen-george.info/,124.25.140.199
ryandorsey@example.com,416-776-6004,https://tucker.com/,156.146.94.185
amanda78@example.org,(255)399-0317x09638,http://smith-hansen.com/,156.217.85.56
jessicatucker@example.net,001-306-635-5090,http://valenzuela-rogers.org/,107.136.130.203
brendaparrish@example.net,350-840-9955x5725,http://wallace.com/,72.92.113.153
vnichols@example.net,001-373-626-3912x6296,http://downs-buck.com/,11.225.50.223
ylove@example.com,(725)917-1082x15450,http://gray-ortega.net/,164.101.169.133
wmcguire@example.com,367-986-6429x7341,http://www.robinson-pierce.com/,103.85.176.195
fhamilton@example.com,(857)471-2672x025,http://www.morrow.com/,1.40.148.110
taylorjasmine@example.net,+1-349-825-4401x821,https://www.cooper.org/,171.108.254.85
ddodson@example.org,524.574.9618x409,https://www.knight.com/,18.85.13.45
justin84@example.org,2835480806,http://www.brown-clark.com/,134.97.65.145
xmorales@example.com,001-395-933-6905,https://middleton.com/,156.140.123.137
anthonyrobles@example.com,(647)370-3087,http://james.com/,152.66.149.187
erikrowe@example.net,392.643.6243x9595,http://braun-collins.com/,29.223.216.21
michaelrodriguez@example.net,596-579-9815x3518,http://smith.net/,49.185.69.117
mayosherry@example.org,+1-703-741-1770x29203,https://www.brady.org/,132.150.19.72
john41@example.org,559.774.0599,https://montoya.net/,18.69.253.152
patricia71@example.org,+1-795-506-1328,http://james-smith.com/,150.167.119.198
bellalan@example.com,+1-614-825-5375x806,https://www.herring-stephens.biz/,4.37.207.203
kennethparrish@example.org,001-418-806-6594x4675,http://perry-gilbert.com/,54.152.9.94
lynn95@example.com,(555)541-0269x46977,http://www.johnson.info/,183.49.114.196
jeremyvasquez@example.org,+1-355-769-9138x321,https://henson.com/,99.45.66.234
agray@example.org,4518893421,http://garcia-shepherd.com/,203.12.133.146
epena@example.org,001-798-768-4897,http://porter.com/,202.253.113.96
woodsandre@example.com,001-889-556-9396,https://knapp.org/,106.167.114.165
rsalinas@example.net,001-713-435-2731x9885,http://gutierrez.com/,57.240.107.116
cindy90@example.org,(440)832-8902,http://www.zamora.net/,40.29.124.19
nicholasguzman@example.org,+1-906-880-1937x01626,http://anderson.com/,32.196.168.100
dcole@example.net,+1-343-638-5835x1104,https://knapp-mueller.net/,171.11.174.100
johnathandavis@example.org,(245)742-1885,https://www.hinton.com/,73.240.144.182
jennifermadden@example.com,4407188254,https://www.bates-sanchez.com/,8.20.161.50
kelly19@example.net,+1-265-267-0142,http://www.kline.org/,121.2.172.249
ubryan@example.org,(686)756-7769x687,http://www.blake.biz/,202.63.161.96
katherine78@example.org,995-445-5190,https://www.fisher.org/,51.134.121.97
elizabethgonzales@example.com,(208)270-9596x571,https://www.perez.org/,38.238.69.184
rwilliams@example.net,4454224813,http://barnes-gutierrez.com/,132.198.74.74
anne55@example.com,5159551457,https://www.evans.com/,152.2.39.194
nbuchanan@example.net,+1-371-920-5645x6063,https://www.mason.org/,8.92.107.195
qaguirre@example.com,708.420.7444x0617,http://www.mcdaniel.info/,150.153.44.14
lhill@example.net,242.977.6355x65831,http://www.ortiz.com/,57.180.86.153
jenniferjackson@example.net,493.666.0570x8299,https://www.martinez.com/,4.17.5.96
alang@example.org,317-572-2498x34901,http://anderson.org/,143.76.208.126
shannon71@example.org,(372)273-0974x4567,http://marshall.biz/,115.53.114.155
lopezjohn@example.net,001-612-537-4540x0594,http://www.preston.com/,204.192.230.13
jacksonjennifer@example.net,+1-301-328-4407x0301,https://www.berger.com/,57.39.52.247
sharon74@example.com,+1-501-629-8316x4576,http://gray.com/,125.163.12.144
yfischer@example.net,+1-653-807-3765,https://nguyen-stevens.org/,14.35.35.219
todd12@example.com,6358060335,http://www.collins.com/,30.163.169.122
john03@example.com,5042200320,http://www.walton.com/,42.81.39.121
douglasmeyer@example.com,+1-994-303-4656x46162,http://www.ward.info/,56.165.66.243
butlerrhonda@example.org,(858)552-0677,https://acevedo.com/,215.40.16.48
wmcpherson@example.org,+1-252-592-5253x871,http://www.nelson.info/,182.1.46.174
njohnson@example.com,686.631.9155,https://www.hicks.org/,10.156.192.139
robertsmith@example.net,+1-550-841-8522x781,https://www.oliver.org/,88.23.81.19
johnwong@example.org,001-843-576-6328,http://smith.com/,223.237.6.168
janicegarrett@example.org,287.606.1717,https://www.gillespie.org/,129.121.226.222
kimberly20@example.net,562.200.0984x7932,https://www.cortez-gonzales.biz/,11.169.90.224
christian12@example.com,857.219.6202,https://www.byrd-horne.info/,79.230.166.87
justin80@example.org,457-504-2385,http://francis.info/,158.113.252.143
waynecruz@example.net,978-597-3591x0415,http://thomas.info/,6.210.254.143
williamsmatthew@example.net,(260)863-7778x9770,https://www.mcguire.com/,209.92.37.158
hector71@example.org,001-502-941-7308,https://reid.biz/,100.28.17.119
ryanrussell@example.org,7787776440,http://www.jenkins.biz/,147.60.214.175
benitezpatrick@example.net,001-960-276-4585,https://www.hughes.net/,53.159.111.243
stevensmith@example.com,784.226.6080x487,https://www.jones.com/,187.127.112.35
melissashaffer@example.org,001-777-209-8774,http://perez-shepherd.org/,212.172.107.212
aliciagreen@example.org,618.452.8026,http://thomas-johnson.com/,222.125.218.88
sophiawilson@example.com,001-402-501-0442x414,http://www.williams.biz/,115.94.253.175
vcastro@example.net,001-564-368-3436x67798,https://www.larson-powell.com/,5.224.254.136
tammy67@example.org,+1-502-365-3830x431,http://hobbs.com/,63.168.184.201
johnsonmelissa@example.net,(913)966-6904x41721,http://haynes.com/,81.214.106.239
coreyfreeman@example.net,917-532-0460x9852,https://walker.com/,66.15.252.214
huffshaun@example.net,3838061977,http://wilson-cross.com/,89.161.69.154
moralesdenise@example.org,(316)926-9338,http://www.weber-clark.com/,98.133.246.31
vyoung@example.com,+1-700-834-7504x07114,http://www.coleman.net/,27.146.227.245
kimberly22@example.net,001-637-878-3060,http://www.johnson.com/,120.152.177.55
uking@example.net,832.396.0455x024,https://www.george.com/,111.116.28.178
dtyler@example.com,001-551-264-6793,https://marshall.com/,40.201.27.155
michelle67@example.com,+1-475-430-2664,https://www.arias.org/,10.156.199.41
guerrerojoseph@example.com,(555)262-8365x588,http://www.washington.com/,13.168.25.145
stephanienunez@example.com,+1-352-856-2683x8071,https://www.medina.com/,171.135.127.190
jennifer70@example.net,001-585-740-3701x0297,https://cross.com/,133.164.141.14
andrew21@example.com,700-856-8031x929,http://williams.com/,202.159.70.208
agraves@example.net,(470)739-1565x72784,https://www.rhodes.biz/,187.226.26.142
raymondeaton@example.com,+1-234-831-0723x888,https://www.blanchard.com/,9.151.145.160
morganharris@example.net,+1-567-598-3880x678,http://thomas-sims.com/,41.26.116.247
murphybrian@example.net,001-904-973-6247x574,https://www.sanchez.com/,81.96.39.79
kingmichelle@example.com,497-765-0996,http://davis.com/,203.239.14.235
bradfordtroy@example.net,001-380-522-6349x2744,https://chung.com/,173.13.216.131
lindathompson@example.net,001-577-425-2742x93313,https://www.smith.net/,15.253.182.37
cannonkenneth@example.org,001-473-570-5290x7936,https://dyer.com/,10.55.196.213
blackrobert@example.org,+1-380-601-7020x66713,http://www.hansen.org/,2.74.166.24
ricardo02@example.net,(688)832-1348x744,https://vega.net/,187.97.12.20
whitneyrebecca@example.org,382-800-4635,http://glover.com/,158.117.95.143
ycollins@example.com,(460)286-2592x44767,http://www.reese.com/,43.35.188.237
llee@example.com,001-859-342-9140x974,http://www.wilcox.com/,161.66.162.19
blake09@example.com,9457861485,http://www.moore.com/,168.44.251.107
robin76@example.org,418.613.5341,http://www.stone.com/,184.201.178.5
peter82@example.net,+1-827-935-5399x565,https://www.davis.info/,57.76.189.220
myersandrew@example.net,+1-983-399-2842,http://williams.net/,210.1.236.240
kelsey59@example.net,001-870-904-2589,https://www.willis.com/,145.108.15.77
michael03@example.com,(764)998-0780x13726,http://smith.com/,149.226.59.185
moodyrobert@example.com,+1-859-543-8443,http://turner.com/,186.13.24.76
dsmith@example.net,425-413-5311x9812,http://bean-cruz.com/,43.28.148.168
kevin47@example.org,(793)421-3691,https://lloyd.com/,57.208.70.3
acarroll@example.org,(235)812-2020x9331,http://robinson-robles.com/,15.161.193.241
blackwelljeffrey@example.com,276-513-1424x0450,http://www.simon-montgomery.com/,91.139.209.222
thomasjames@example.net,001-580-258-9924x61924,https://www.fleming.com/,67.246.157.198
uwilson@example.com,(774)629-7408,https://christensen.com/,130.81.238.53
oconnorrobert@example.net,(584)992-2153,http://norris-kelly.org/,16.143.7.26
hfernandez@example.com,274.311.3191,https://chavez-santos.com/,56.114.231.254
ecollins@example.net,422.825.4894x675,https://garcia.biz/,120.142.94.142
vgill@example.org,969-652-2349x296,http://anderson.com/,145.174.137.29
richardgomez@example.com,(360)861-8756x6083,http://www.allen.info/,130.124.40.129
simmonsrachel@example.net,+1-463-938-9638x1931,http://christensen.biz/,66.209.153.166
glawson@example.com,415.964.6508,https://baker.com/,202.197.155.208
dbender@example.com,001-844-457-4550,https://www.barnett.com/,17.107.34.45
charles48@example.org,836.716.8797x921,http://www.mcneil.com/,189.185.108.198
tatemarcus@example.com,638.638.7508,https://mcguire.info/,60.91.80.129
brent48@example.com,798.719.6661x726,http://www.cervantes.net/,92.127.187.26
hsims@example.net,8299735507,https://wright.net/,145.18.6.176
vwilliams@example.com,591.298.5398,http://jackson-mclean.biz/,120.32.195.96
scottjordan@example.org,(774)962-3715x9649,http://www.grant.com/,211.221.56.20
mooretammy@example.com,710-835-4002x957,https://www.mendoza.com/,180.20.50.96
diane04@example.com,349-732-7172x95804,http://willis-wu.com/,96.44.61.198
rhughes@example.net,(547)257-8951,http://www.david-jackson.com/,36.66.201.248
pamela25@example.org,001-554-996-9122,https://harmon.com/,102.184.3.50
sjohnson@example.com,270-262-5932,https://www.davenport.com/,139.191.218.171
teresa24@example.com,822.617.4842x6078,http://www.freeman.com/,60.20.181.137
williamsadam@example.net,(677)511-3259x34135,https://wilson-wilcox.org/,48.20.142.59
lambertrebecca@example.net,(283)451-3638x95708,https://berry.com/,38.252.106.88
richardsonkelsey@example.net,707.638.2548x317,http://esparza-liu.info/,23.163.126.46
phillipslee@example.net,(559)589-5811x0236,http://www.rose.net/,74.200.143.234
amanda08@example.org,601.908.9273x187,https://sellers.info/,189.163.51.164
jacksonjoshua@example.com,(804)220-8836x6789,https://www.stone.com/,205.7.86.44
jacobhunter@example.net,(546)757-4815x80769,http://www.clark.com/,94.142.244.86
amanda15@example.org,+1-998-691-5797x85955,http://rodriguez.com/,77.116.242.79
vjones@example.org,961.530.5750,http://www.blackburn.org/,155.159.148.212
grayjohnny@example.net,890-383-3910,https://brown.com/,207.233.197.25
bethany15@example.net,2313206684,http://jones.com/,70.99.169.83
heathermelendez@example.org,001-545-832-5575x558,https://carson.info/,78.21.134.46
ryansimon@example.net,497-739-9543x0007,https://patton.com/,85.199.158.171
krista17@example.net,(877)749-5249x572,http://smith.com/,1.255.244.81
hosborne@example.com,+1-899-773-7688x72946,https://www.kelly.com/,219.53.88.41
debbie32@example.net,389.819.9811,https://www.fitzpatrick.com/,209.78.51.47
shortjoshua@example.net,(645)870-3376x342,http://fuentes.com/,160.11.204.99
michaelrussell@example.com,(963)581-1242,https://www.huff-reyes.com/,37.104.242.1
burgesscatherine@example.com,641-705-1329x36435,https://www.gray-knight.com/,40.188.214.80
megan00@example.net,001-619-272-8663x918,http://www.johnson.org/,141.0.191.15
juliemarshall@example.com,913.411.4827x129,http://www.hughes.info/,115.146.75.212
floresjason@example.net,439-263-4960,https://evans-boone.com/,217.15.96.208
zedwards@example.org,+1-928-876-4821x98789,http://mccarthy.com/,73.215.149.52
foleymatthew@example.com,832-613-5749x5609,http://www.smith.net/,118.167.137.77
nicole81@example.com,(423)664-8637,http://www.cooley.net/,120.103.113.137
jillrice@example.net,389.729.3081,http://www.wilkins.com/,199.70.168.42
ftran@example.com,(217)951-3666x457,https://www.hale.com/,149.82.44.155
frenchjessica@example.org,+1-803-268-5246x541,https://www.foster-arnold.com/,211.139.179.178
rachael46@example.org,001-762-268-1246x38085,https://powell.biz/,213.93.242.2
mbrown@example.net,991.844.8579x417,https://www.bruce-ross.com/,76.221.251.181
james74@example.net,(925)592-9553,http://jones.org/,36.154.123.162
beanronald@example.com,819-712-6981x0691,http://www.higgins.biz/,138.216.25.248
alexandramiller@example.net,+1-392-402-5531,http://smith-brennan.org/,56.160.253.128
lgreer@example.org,685.899.3728x1667,https://miles-love.biz/,135.178.17.183
jlopez@example.org,+1-257-730-1995x50227,https://porter-warren.com/,194.249.11.179
amandarobertson@example.org,+1-414-594-7791x46518,http://www.howard.com/,62.98.114.132
iharris@example.net,(907)754-7600x2900,https://www.rosales-moss.com/,199.97.243.172
christina32@example.org,917-866-5960,https://www.french-arroyo.com/,71.195.134.239
john86@example.org,581-940-1940x11365,https://silva.biz/,19.225.52.200
fraziermarc@example.net,463-908-8941x122,https://moreno.com/,10.242.63.0
plewis@example.net,6562594831,https://rogers-lucas.com/,9.0.231.34
aherrera@example.org,001-286-377-9394x833,https://www.velazquez-burke.org/,102.234.247.168
elizabethhill@example.org,(528)492-9820,https://howard.com/,10.95.199.235
anita03@example.org,(634)592-2611x702,https://www.wright-young.biz/,68.227.40.96
reyesdonna@example.com,408-287-6108,https://morris.com/,104.226.159.227
eshields@example.net,001-638-447-3785x708,http://miller.com/,36.143.79.41
michaelmartin@example.org,+1-792-650-3584x91626,http://murphy-gomez.com/,87.112.164.197
xfigueroa@example.org,001-889-581-1468x93818,https://harris.com/,136.78.149.62
garyzhang@example.com,377.607.9201x2824,https://lewis.com/,110.4.164.77
kayers@example.org,699-466-8923,https://weber.com/,180.204.197.144
pachecosteven@example.com,429.738.8255x037,http://edwards-strickland.com/,201.105.150.106
cwatson@example.org,+1-972-669-4197x63753,http://www.carter.biz/,140.236.164.4
scott04@example.net,3419522451,http://murphy.com/,221.50.31.247
howardkim@example.net,320-209-2785x51805,https://www.baker-gonzalez.com/,216.33.212.100
nhopkins@example.com,349.958.3285x97860,http://www.moss.com/,175.157.36.221
sarah70@example.com,(260)317-5639,https://wilson.com/,80.125.234.115
hernandezjoseph@example.net,001-660-876-2832x143,http://www.morrison.com/,139.43.209.63
christopherolson@example.com,(262)446-3031,http://www.yang-cunningham.org/,182.25.242.137
paula53@example.com,4672993502,https://www.bennett.com/,44.183.178.27
angelaalexander@example.net,001-432-251-3574x749,https://carpenter.com/,147.179.188.231
amorales@example.org,+1-357-912-5838x9926,https://campbell-garcia.com/,175.83.192.4
charleswells@example.org,(733)876-3279,http://thomas-harris.com/,22.103.229.218
william19@example.com,2239139405,https://short.com/,223.62.58.145
lynn73@example.net,763.336.9502,http://delgado.info/,117.210.28.212
josewilliams@example.com,748.616.8796,http://pacheco.com/,90.114.105.37
petersondanielle@example.org,451-531-6906x7356,https://www.lozano.com/,99.226.5.160
dominiquestanley@example.com,515.781.5024x6847,http://trevino.biz/,201.181.125.181
landerson@example.net,001-308-531-9577x15985,http://hill.com/,53.48.211.72
gonzalezbrenda@example.org,(979)937-6829,http://www.velasquez.org/,95.189.160.98
justin45@example.net,(840)438-8943x970,http://watson-moore.org/,49.232.93.198
nicole51@example.org,219.420.5457x74335,https://www.rios-moyer.com/,144.139.241.178
landryjeffrey@example.org,686.562.7213,https://gray.org/,10.40.219.219
james20@example.net,+1-871-891-9552,https://www.washington.com/,43.33.222.56
kyle67@example.net,780-568-5892,https://www.rush-brown.info/,121.175.23.67
frobertson@example.com,722-539-1708,http://www.castillo.com/,111.250.106.73
john65@example.org,355.383.9731x06842,https://www.powell-mendoza.info/,32.70.219.181
mistynguyen@example.org,001-986-244-4432x32687,http://www.williams.info/,173.132.33.183
sbarnes@example.net,+1-310-265-3691x6526,http://www.casey.com/,136.249.147.245
bairdnancy@example.org,988-700-6574x482,https://www.short.com/,82.251.91.151
hmurphy@example.net,697-230-0868x64445,https://peterson-sanchez.org/,82.58.200.34
twhite@example.net,735.552.8144,https://www.griffin.com/,67.130.214.20
ydean@example.org,001-721-403-5207,http://www.kelly-king.biz/,145.158.62.148
fhill@example.net,216-569-0720,https://holden.com/,3.170.100.105
steven07@example.com,001-967-608-5914x11363,http://www.trevino-pittman.com/,34.193.95.216
austinwalker@example.com,001-963-812-4400x89721,https://www.reyes-mayo.net/,105.238.204.18
jennifer04@example.net,(292)396-7928,https://lynch.com/,103.252.181.38
estradalisa@example.org,4102263683,https://www.schmidt.info/,126.42.178.244
keith39@example.net,6077490732,http://pierce.com/,50.180.18.237
tmooney@example.com,+1-953-607-4307x9667,http://www.thompson.com/,92.55.175.162
hgibson@example.net,7588655292,http://www.hodges.com/,205.253.183.208
ovance@example.org,843-502-0851,http://www.valdez.com/,30.198.147.75
catherinevazquez@example.org,824.932.9898x751,https://www.sutton.com/,75.117.167.146
carriechapman@example.org,+1-925-992-6460,http://lowe.com/,90.138.117.79
msmith@example.com,962-263-1346,http://www.warren-ramirez.com/,221.239.235.194
peternguyen@example.org,496-909-7284,http://www.allen-palmer.org/,87.16.172.179
hoganjody@example.com,868-988-4212x558,https://morrison.com/,7.164.193.88
walkererik@example.com,001-467-944-3788x3729,http://smith-archer.com/,67.75.185.253
rmason@example.net,789-262-8158x6674,http://johnson-murray.com/,173.209.241.67
brandi44@example.net,933-464-1705x6488,http://www.lee.com/,30.14.76.98
jonathonburgess@example.net,(921)567-7279x395,http://sullivan.com/,51.174.169.139
chavezlance@example.com,936.253.0781x074,https://www.vincent.com/,212.230.149.90
mendozabrittany@example.org,001-783-719-5154x102,http://williams.com/,167.25.1.71
manuel39@example.com,(544)310-2072x047,https://www.pacheco-alexander.com/,78.175.197.218
brendaanderson@example.com,(525)734-5200,https://www.maldonado.info/,35.6.235.30
diazkeith@example.com,+1-404-543-0980x6015,http://jordan.org/,14.5.42.13
iphillips@example.com,+1-957-656-1423x504,https://hernandez.com/,94.13.190.100
jessicabowers@example.org,841.457.1446,http://sanchez.com/,106.32.138.132
alexandermelissa@example.com,001-498-222-5255,https://www.holder.biz/,91.238.73.26
derekfowler@example.net,316.428.8966x3969,http://www.martin.net/,17.240.48.254
alejandrokelley@example.net,001-269-945-1135x58388,https://davidson.com/,159.11.35.234
toddmckinney@example.net,400-448-8003x774,https://robinson.info/,183.42.114.1
fmann@example.com,971.995.1865,https://www.nguyen.com/,53.2.2.41
jacob97@example.com,636-684-7880x086,http://lane.biz/,34.231.177.248
scott55@example.net,(255)473-0109x8241,http://johnson.com/,100.25.216.115
meganrios@example.net,+1-795-372-1084x198,https://mendez-castro.org/,34.205.231.174
tday@example.com,514.631.3430,http://hendrix-porter.com/,35.170.115.160
lawrenceadams@example.net,(421)809-3209x7140,http://www.parrish-smith.biz/,131.194.165.3
eric57@example.net,(432)388-1658,http://estrada.org/,171.116.136.80
icooper@example.com,+1-876-421-1282,https://www.duncan.com/,12.0.38.127
hubbardjohnny@example.net,360-804-4272,https://www.hayes-riddle.org/,176.65.169.160
careyamber@example.com,+1-955-646-7386x21551,https://morrison.info/,114.214.94.3
bruce84@example.org,(207)308-8668,http://lopez.com/,150.254.4.211
walkerdebra@example.com,(394)373-2207x8968,http://jones-schultz.net/,10.28.53.164
margaretjones@example.com,679-488-7256,https://welch.com/,109.115.168.209
alexa91@example.org,+1-814-839-2005x2957,http://www.kim.com/,5.149.145.170
jonathanmurray@example.com,991-975-9028x6776,http://moore.com/,143.32.82.130
michael05@example.net,884-320-2698x743,https://harvey.biz/,173.188.6.249
gstevens@example.com,001-481-910-2444,http://fernandez.com/,41.218.8.52
robertmedina@example.com,(963)842-6553x112,http://www.mendoza.biz/,105.189.148.149
patrick28@example.org,+1-734-741-4234,https://www.moody.com/,32.145.83.122
elizabethgonzalez@example.org,+1-541-407-7673x9426,http://www.padilla-cabrera.net/,148.186.141.151
shawn27@example.net,+1-226-269-1670,http://lambert.biz/,103.26.4.211
wattsjoshua@example.net,628.558.4971x9391,https://www.palmer.com/,72.150.17.189
qalexander@example.net,001-917-437-8323,http://jackson-dixon.net/,210.196.7.97
carsonmichael@example.org,618-680-0299x744,http://www.smith-coleman.net/,156.23.124.49
jeffrey08@example.org,861.671.8628x3646,http://www.meyer.com/,137.147.224.217
hodgesbrian@example.com,718.428.5479x6218,https://www.gonzalez.com/,199.57.49.155
jperez@example.net,(492)651-2555,http://www.johnson.net/,62.125.41.137
lawrenceolson@example.com,263.959.0230x90386,http://harper.com/,36.205.69.59
zmartinez@example.org,(684)504-7392,https://www.smith-hunt.com/,3.16.15.205
martinjames@example.net,(426)801-4038x546,http://bradford.com/,216.154.4.254
crawfordhaley@example.org,404-603-6140,https://murray.com/,128.38.42.245
yhoward@example.com,(998)218-3911x531,http://www.sanchez.com/,159.15.224.246
jlee@example.com,775.863.6798x4253,https://www.jacobs.org/,98.140.232.6
anthony10@example.org,+1-307-259-8989x21450,http://hall.info/,102.190.90.94
robertfreeman@example.com,+1-269-346-1435,https://mills.info/,193.87.181.143
bjones@example.org,503-931-9351,https://velasquez.com/,28.177.181.91
kingheather@example.com,286-203-0132x48676,http://www.terry-morgan.com/,88.96.151.69
deborah39@example.com,(490)884-9553x628,http://www.black.info/,207.84.109.35
muellerkimberly@example.net,(883)637-6063x4727,https://lewis.info/,118.184.94.60
mwilliams@example.org,001-318-380-1771x082,https://www.shaffer.com/,155.184.41.193
rebecca27@example.org,262.954.4814x50393,http://smith.biz/,133.138.90.142
julia35@example.org,001-929-759-4902,https://www.king.com/,187.203.44.226
smartin@example.org,797.780.4560x371,http://www.brandt-lewis.com/,38.154.41.209
kevincarney@example.net,645-249-2278,http://www.young.com/,116.144.20.105
stephanie22@example.net,296-767-4896,http://www.ibarra.biz/,96.28.9.13
adamsregina@example.com,+1-487-617-5152x081,https://watson.com/,61.198.243.238
dlopez@example.org,283-215-5742x29417,https://www.garza-warren.com/,180.70.248.176
upierce@example.org,207-785-1592,http://www.paul.com/,54.77.102.207
smallana@example.net,001-551-703-4891x717,https://strong.com/,185.255.210.58
michaelburgess@example.org,+1-474-772-2894x881,https://wilson.com/,186.95.115.44
becky06@example.org,+1-670-666-7078x466,https://www.williamson.com/,221.97.174.201
andrew92@example.net,+1-597-539-2139x819,https://hall.com/,90.188.176.218
carol14@example.org,799-252-7099x40819,http://www.mcdaniel-williams.biz/,125.16.246.150
jensenjohn@example.com,001-834-239-3985x316,http://www.kane.biz/,201.224.157.85
tiffanyferguson@example.com,746.847.6485x38910,http://www.phillips.com/,123.102.199.226
charles51@example.com,+1-949-433-4862x805,https://www.berger-walker.com/,216.149.112.235
vyang@example.net,+1-867-453-0948x49670,https://pennington.info/,194.138.232.93
zriley@example.org,(471)543-0315,http://bryant-simon.com/,2.140.22.129
jonesjasmine@example.com,291.503.6801x7038,https://sanders.com/,168.173.93.234
tonya23@example.com,4554614999,http://wang-faulkner.org/,85.67.148.106
edgargilbert@example.com,248.504.1842x35062,http://cantu.info/,20.35.36.98
imiller@example.net,(550)441-8462,http://www.martinez.com/,20.67.225.125
howard86@example.com,001-228-259-7960,https://mendez.biz/,219.196.79.229
debbieking@example.net,880.823.7093x989,https://bray.com/,219.119.204.142
sanchezallison@example.net,909.237.3485x764,http://www.pennington-davis.com/,145.148.27.127
icruz@example.net,266-869-6831,https://watson-smith.biz/,58.5.237.208
pettyrobert@example.org,222-637-9068x09820,http://blake.info/,99.43.13.173
youngcarolyn@example.net,(394)277-0945x206,https://www.richardson.org/,214.115.17.224
joshuabrown@example.net,001-581-692-1655x20650,https://www.peterson.info/,162.56.42.151
julie35@example.org,918.692.1855,http://www.barton-caldwell.com/,179.145.72.217
gallowaydanielle@example.org,643.310.2441x18785,https://www.thompson.com/,41.141.78.108
danieltucker@example.net,428.477.3913,http://oconnor.info/,128.35.154.63
robertcruz@example.net,715-983-9534x28703,http://www.smith.com/,99.145.23.49
alewis@example.org,001-241-686-4311,https://www.thomas.com/,146.109.254.52
rachelburns@example.net,277-601-9517x262,https://www.miller.com/,126.197.116.52
russell37@example.net,369-939-1811x268,http://kaufman.com/,41.125.199.178
gregorycarney@example.com,+1-872-779-0200x07831,http://mcdaniel-vasquez.info/,59.178.119.2
ygriffin@example.org,(315)759-2096,http://www.moore-lopez.com/,21.154.198.48
kelly03@example.net,377-221-9738x18231,https://www.patrick.com/,100.22.73.130
rmiller@example.com,+1-918-934-4530,http://jones.biz/,141.254.30.50
gregoryflynn@example.com,+1-526-697-6181x0431,http://www.ray.org/,202.211.148.219
sarahthompson@example.net,(279)316-7832x1897,http://harper.com/,32.188.54.8
david55@example.org,803-720-3061,https://bass.net/,198.30.194.10
donna99@example.net,(923)988-3803,http://www.morton.com/,138.60.194.82
pbell@example.com,+1-357-928-2433x517,http://www.cox-nguyen.com/,179.209.188.211
anthony55@example.com,001-980-526-5034,https://jacobs.net/,147.65.3.232
gregodonnell@example.org,001-551-450-3352x050,https://www.carter.info/,56.255.161.125
tguzman@example.org,994-959-9799,https://scott-brown.net/,8.183.126.162
williamseugene@example.net,738.947.5647x4278,https://www.perkins.com/,208.66.183.12
kim94@example.net,661.842.6786x127,https://www.harris-moran.com/,51.75.203.251
lauriepham@example.org,001-715-454-7160,https://moore-washington.com/,146.125.222.182
parkercassie@example.org,352-530-2713x183,http://jones.com/,113.50.104.255
carolwilliams@example.com,385-870-9913x2333,http://www.kelly-davis.net/,196.239.159.105
allison52@example.com,481-448-7750,https://scott.com/,159.45.165.138
pfuentes@example.net,374-826-3600,http://moore.com/,193.61.22.252
ndavis@example.org,001-923-999-1652,http://rogers.com/,71.47.228.234
rbrown@example.com,001-334-374-7381x97422,https://booth.org/,104.20.175.234
david28@example.com,(692)551-5743,http://johnson.org/,17.112.236.141
washingtonsamantha@example.net,+1-282-620-5769x50781,https://calhoun-morgan.info/,107.108.34.175
cameron13@example.org,+1-571-308-7523x5253,http://www.murphy.biz/,71.43.104.111
harrismartin@example.net,(873)445-2369x5054,http://www.smith-cortez.com/,140.58.72.136
qgreen@example.org,+1-805-740-4378x01525,http://simpson.com/,4.151.233.64
agarcia@example.com,3406689846,https://www.parks.com/,204.128.124.152
nicholasgomez@example.com,(203)540-3896x117,https://weaver-sanchez.org/,46.136.23.220
alyssafernandez@example.org,(563)980-9860x5553,https://gibson.com/,174.187.63.212
mferguson@example.com,001-885-365-8051,https://www.jones-morgan.com/,97.12.162.253
brianriggs@example.org,001-233-356-1919,http://moreno-burgess.net/,59.209.99.50
angela59@example.net,566.537.1775x000,https://levy-walker.com/,19.128.141.168
michellehoward@example.net,844-841-4397,https://www.hayes.com/,188.136.169.168
zjohnson@example.com,+1-786-921-2833x521,https://white.com/,4.23.218.35
raymondbutler@example.org,994-243-3130x8910,http://macdonald.com/,25.31.180.138
gbeltran@example.org,(890)258-2953x17741,http://www.underwood.com/,25.165.222.243
raymond96@example.com,4547696627,https://little.net/,77.123.145.154
sotomelissa@example.org,505.304.8707x964,http://scott-powell.com/,171.127.8.250
david84@example.net,6929278972,http://conner.com/,59.7.82.37
evan03@example.com,976-597-8484,https://cordova-morales.com/,206.202.227.71
duartelindsey@example.net,(328)810-2551x8303,https://www.jackson.com/,84.46.201.92
williamsjames@example.org,001-689-285-2162x4280,https://lopez.info/,35.76.194.161
robinjones@example.org,(263)848-2543,http://carter.info/,172.76.43.24
jesusthompson@example.com,707.929.3433,http://www.jones.com/,92.5.201.19
margaret00@example.com,(507)440-1716,https://www.gomez-li.com/,177.42.84.152
hartalexander@example.net,001-639-443-1968,http://www.durham.com/,11.17.93.224
